"Taibi, Davide, Valentina Lenarduzzi, and Claus Pahl. ""Architectural patterns for microservices: a systematic mapping study."" CLOSER 2018: Proceedings of the 8th International Conference on Cloud Computing and Services Science; Funchal, Madeira, Portugal, 19-21 March 2018. SciTePress, 2018."
"Krause, Lucas. Microservices: patterns and applications. Vol. 1. Lucas Krause, 2015."
"Aksakalli, Işıl Karabey, et al. ""Deployment and communication patterns in microservice architectures: A systematic literature review."" Journal of Systems and Software 180 (2021): 111014."
"Balalaie, Armin, et al. ""Microservices migration patterns."" Software: Practice and Experience 48.11 (2018): 2019-2042."
"Velepucha, Victor, and Pamela Flores. ""A survey on microservices architecture: Principles, patterns and migration challenges."" IEEE access 11 (2023): 88339-88358."
"Mendonca, Nabor C., et al. ""Model-based analysis of microservice resiliency patterns."" 2020 IEEE International Conference on Software Architecture (ICSA). IEEE, 2020."
"Márquez, Gastón, Mónica M. Villegas, and Hernán Astudillo. ""A pattern language for scalable microservices-based systems."" Proceedings of the 12th European Conference on Software Architecture: Companion Proceedings. 2018."
"Daniel, João, Xiaofeng Wang, and Eduardo Guerra. ""How to design future-ready microservices? Analyzing microservice patterns for adaptability."" Proceedings of the 28th European Conference on Pattern Languages of Programs. 2023."
"Rudrabhatla, Chaitanya K. ""Security design patterns in distributed microservice architecture."" arXiv preprint arXiv:2008.03395 (2020)."
"Barabanov, Alexander, and Denis Makrushin. ""Authentication and authorization in microservice-based systems: survey of architecture patterns."" arXiv preprint arXiv:2009.02114 (2020)."
"Messina, Antonio, et al. ""A simplified database pattern for the microservice architecture."" The eighth international conference on advances in databases, knowledge, and data applications (DBKDA). 2016."
"Márquez, Gastón, and Hernán Astudillo. ""Actual use of architectural patterns in microservices-based open source projects."" 2018 25th Asia-Pacific Software Engineering Conference (APSEC). Ieee, 2018."
"Oyeniran, Oyekunle Claudius, et al. ""Microservices architecture in cloud-native applications: Design patterns and scalability."" International Journal of Advanced Research and Interdisciplinary Scientific Endeavours 1.2 (2024): 92-106."
"Raj, Vinay, and Ravichandra Sadam. ""Patterns for migration of SOA based applications to microservices architecture."" Journal of Web Engineering 20.5 (2021): 1291-1307."
https://microservices.io/patterns/index.html
https://medium.com/capital-one-tech/10-microservices-design-patterns-for-better-architecture-befa810ca44e
https://www.ibm.com/think/topics/microservices-design-patterns
Microservices Design Patterns - GeeksforGeeks
https://www.youtube.com/watch?v=S_m-KgWpTio
https://www.youtube.com/watch?v=Ii4PJTkORcU
https://www.openlegacy.com/blog/microservices-architecture-patterns/
https://dzone.com/articles/design-patterns-for-microservices
"Márquez, Gastón, and Hernán Astudillo. ""Actual use of architectural patterns in microservices-based open source projects."" 2018 25th Asia-Pacific Software Engineering Conference (APSEC). Ieee, 2018."
"Taibi, Davide, Valentina Lenarduzzi, and Claus Pahl. ""Microservices anti-patterns: A taxonomy."" Microservices: Science and Engineering. Cham: Springer International Publishing, 2019. 111-128."
"Bakhtin, Alexander, et al. ""Survey on tools and techniques detecting microservice api patterns."" 2022 IEEE International Conference on Services Computing (SCC). IEEE, 2022."
"Yussupov, Vladimir, et al. ""Pattern-based modelling, integration, and deployment of microservice architectures."" 2020 IEEE 24th International Enterprise Distributed Object Computing Conference (EDOC). IEEE, 2020."
"Tighilt, Rafik, et al. ""On the study of microservices antipatterns: A catalog proposal."" Proceedings of the European Conference on Pattern Languages of Programs 2020. 2020."